name,energy,ensembleDiversity,ensembleFreeEnergy,ensembleProbability,selected,sequence,shared name,size,structure
hVSMC-1995,1,1,1,1,FALSE,GGGAGGACGAUGCGGGAGUCAACACAAUGAGACUGCAUGCCAGACGACUCGCCCGA,hVSMC-1995,1,(((((..((((((((...(((......)))..))))))......)).))).))...
hVSMC-1303,1,1,1,1,FALSE,GGGAGGACGAUGCGGUCUCUGGGUUUACGCCGCCCCAGACGACUCGCCCGA,hVSMC-1303,1,.......((..((((((((((((..........)))))).))).))).)).
hVSMC-1100,1,1,1,1,FALSE,GGGAGGACGAUGCGGAAAGCAACACAAUGGGCCCGCAUGCCAGACGACUCGCCCGA,hVSMC-1100,1,(((((..((((((((...((..((...)).))))))))......)).))).))...
hVSMC-0970,1,1,1,1,FALSE,GGGAGGACGAUGCGGCCCUGUCGUCUGUUCGUCCCCAGACGACUCGCCCGA,hVSMC-0970,1,((((((.((...))..)))((((((((........))))))))...)))..
hVSMC-0946,1,1,1,1,FALSE,GGGAGGACGAUGCGGCAUCUUCCUCGUGUCCGCCCCAGACGACUCGCCCGA,hVSMC-0946,1,(((.((((.(((.((......)).))))))).)))................
hVSMC-0773,1,1,1,1,FALSE,GGGAGGACGAUGCGGCUGGAACCGUAAGGCUACCCCAGACGACUCGCCCGA,hVSMC-0773,1,(((....(((..((.((((..((....)).....)))).))..))))))..
hVSMC-0725,1,1,1,1,FALSE,GGGAGGACGAUGCGGGAUCUGUGGUUGAUUUGCCUGCCCCAGACGACUCGCCCGA,hVSMC-0725,1,.......((..(((((.((((.(((..........))).))))...))))).)).
hVSMC-0668,1,1,1,1,FALSE,GGGAGGACGAUGCGGUGAGCAGGGAUGGGCCAACUGCCACCAGACGACUCGCCCGA,hVSMC-0668,1,(((((..((....((((.((((((.....))..))))))))...)).))).))...
hVSMC-0400,1,1,1,1,FALSE,GGGAGGACGAUGCGGUGAGCAGGGAUGGGCAUACAGCCCCCAGACGACUCGCCCGA,hVSMC-0400,1,.............((((((...((..((((.....))))))......))))))...
hVSMC-0383,1,1,1,1,FALSE,GGGAGGACGAUGCGGCGUGAGGGAUGGGCCUACUCUUCCCCAGACGACUCGCCCGA,hVSMC-0383,1,(((....(((..((...((.((((.(((....))).))))))..))..))))))..
hVSMC-0372,1,1,1,1,FALSE,GGGAGGACGAUGCGGUGAGCAGGGAUGGGCCUACUGCCGCCAGACGACUCGCCCGA,hVSMC-0372,1,(((((..((..(((((.((.(((......))).)))))))....)).))).))...
hVSMC-0328,1,1,1,1,FALSE,GGGAGGACGAUGCGGCGUGAGGGAUGGGCCUACUCCGCACCAGACGACUCGCCCGA,hVSMC-0328,1,(((((..((.(((((.((.(((......))))).))))).....)).))).))...
hVSMC-0327,1,1,1,1,FALSE,GGGAGGACGAUGCGGCGUGAGGGAUGGGCAUACUCCGCCCCAGACGACUCGCCCGA,hVSMC-0327,1,(((((..((.((.((((.(((...........))))))).))..)).))).))...
hVSMC-0312,1,1,1,1,FALSE,GGGAGGACGAUGCGGCGUGAGGGAUGGGCCUAAUCCGCCCCAGACGACUCGCCCGA,hVSMC-0312,1,(((((..((.((.((((.(((((.....)))..)))))).))..)).))).))...
hVSMC-0296,1,1,1,1,FALSE,GGGAGGACGAUGCGGUGAUCAGGGAUGGGCCUACAGCCCCCAGACGACUCGCCCGA,hVSMC-0296,1,.......((..(((((..((..((..((((.....)))))).))..)).))).)).
hVSMC-0272,1,1,1,1,FALSE,GGGAGGACGAUGCGGCGUGAGGGAUGGGCCUACUCCGACCCAGACGACUCGCCCGA,hVSMC-0272,1,............(((.(((((...((((..........)))).....)))))))).
hVSMC-0249,1,1,1,1,FALSE,GGGAGGACGAUGCGGCGUGAGGGAUGGGCCAACACCGCCCCAGACGACUCGCCCGA,hVSMC-0249,1,(((((..((.((.((((((..((.....))..)).)))).))..)).))).))...
hVSMC-0242,1,1,1,1,FALSE,GGGAGGACGAUGCGGCGUGAGGGAUGGGACUACUCCGCCCCAGACGACUCGCCCGA,hVSMC-0242,1,(((((..((.((.((((.(((...........))))))).))..)).))).))...
hVSMC-0238,1,1,1,1,FALSE,GGGAGGACGAUGCGGCGUGAGGGAUGGGCCUACUCCGCCACAGACGACUCGCCCGA,hVSMC-0238,1,(((((..((.((.((((.(((((.....))..))))))).))..)).))).))...
hVSMC-0204,1,1,1,1,FALSE,GGGAGGACGAUGCGGUCAGCAGGGAUGGGCCUACUGCCCCCAGACGACUCGCCCGA,hVSMC-0204,1,(((((..((.((.((.(((.(((......))).))).)).))..)).))).))...
hVSMC-0203,1,1,1,1,FALSE,GGGAGGACGAUGCGGUGUCAGGGAUGGGCCUACUGCCCCAGACGACUCGCCCGA,hVSMC-0203,1,.......((..((((((((.(((.(((.....))).))).))).)).))).)).
hVSMC-0202,1,1,1,1,FALSE,GGGAGGACGAUGCGGAGUGAGGGAUGGGCCUACUCCGCCCCAGACGACUCGCCCGA,hVSMC-0202,1,(((((..((..(((((((.(((......))))))))))......)).))).))...
hVSMC-0201,1,1,1,1,FALSE,GGGAGGACGAUGCGGCGUGAGUGAUGGGCCUACUCUGCCCCAGACGACUCGCCCGA,hVSMC-0201,1,............(((.((((((...((((.......))))......))))))))).
hVSMC-0199,1,1,1,1,FALSE,GGGAGGACGAUGCGGCGUGAGGGAUGGGCCAACACUGCCCCAGACGACUCGCCCGA,hVSMC-0199,1,............(((.(((((...((((.((....)).)))).....)))))))).
hVSMC-0191,1,1,1,1,FALSE,GGGAGGACGAUGCGGCGUGAGGGAUGGGCCAACUCAGCCCCAGACGACUCGCCCGA,hVSMC-0191,1,(((....(((..((...((.(((.((((....)))).)))))..))..))))))..
hVSMC-0182,1,1,1,1,FALSE,GGGAGGACGAUGCGGUGAGCAGGGAUGGGCCUACUCCCCCCAGACGACUCGCCCGA,hVSMC-0182,1,(((((..((.((.((.(((.(((......))).))).)).))..)).))).))...
hVSMC-0176,1,1,1,1,FALSE,GGGAGGACGAUGCGGUGAGCAGGGAUGCGCCUACUGCCCCCAGACGACUCGCCCGA,hVSMC-0176,1,(((((..((.((.((..((.(((......))).))..)).))..)).))).))...
hVSMC-0163,1,1,1,1,FALSE,GGGAGGACGAUGCGGUGAGCAGGGAUGGGCCUACUGCUCCCAGACGACUCGCCCGA,hVSMC-0163,1,(((((..((....((.((((((((.....))..))))))))...)).))).))...
hVSMC-0160,1,1,1,1,FALSE,GGGAGGACGAUGCGGUGAGCAGUGAUGGGCCUACUGCCCCCAGACGACUCGCCCGA,hVSMC-0160,1,.............((((((..((...((((.....))))....))..))))))...
hVSMC-0156,1,1,1,1,FALSE,GGGAGGACGAUGCGGUUAGCAGGGAUGGGCCUACUGCCCCCAGACGACUCGCCCGA,hVSMC-0156,1,(((((..((.((.((.(((.(((......))).))).)).))..)).))).))...
hVSMC-0152,1,1,1,1,FALSE,GGGAGGACGAUGCGGCGUGAGGGAUGGGCCUAAUCUGCCCCAGACGACUCGCCCGA,hVSMC-0152,1,............(((.(((((....((((.......)))).......)))))))).
hVSMC-0148,1,1,1,1,FALSE,GGGAGGACGAUGCGGCGAGCAGGGAUGGGCCUACUGCCCCCAGACGACUCGCCCGA,hVSMC-0148,1,.............((((((...((..((((.....))))))......))))))...
hVSMC-0146,1,1,1,1,FALSE,GGGAGGACGAUGCGGCGUGAGGGAUUGGCCUACUCUGCCCCAGACGACUCGCCCGA,hVSMC-0146,1,(((((..((.((.((((.(((((.....))..))))))).))..)).))).))...
hVSMC-0145,1,1,1,1,FALSE,GGGAGGACGAUGCGGUGAGCAGGGAUGGGCCUAAUGCCCCCAGACGACUCGCCCGA,hVSMC-0145,1,.............((((((...((..((((.....))))))......))))))...
hVSMC-0141,1,1,1,1,FALSE,GGGAGGACGAUGCGGUGAGCAGGGAUUGGCCUACUGCCCCCAGACGACUCGCCCGA,hVSMC-0141,1,(((((..((.((.((..((.(((......))).))..)).))..)).))).))...
hVSMC-0137,1,1,1,1,FALSE,GGGAGGACGAUGCGGCGUGAGGGAUGGGCAUACUCUGCCCCAGACGACUCGCCCGA,hVSMC-0137,1,............(((.(((((....(((((.....))))).......)))))))).
hVSMC-0133,1,1,1,1,FALSE,GGGAGGACGAUGCGGCGUGAGGGAUGGGCCUACUCUGCACCAGACGACUCGCCCGA,hVSMC-0133,1,............(((.(((((...(((((.......)).))).....)))))))).
hVSMC-0131,1,1,1,1,FALSE,GGGAGGACGAUGCGGCGUGAGGGAUGGGCCUACUCUGACCCAGACGACUCGCCCGA,hVSMC-0131,1,............(((.(((((...((((..........)))).....)))))))).
hVSMC-0123,1,1,1,1,FALSE,GGGAGGACGAUGCGGCGUGAGGGAUGGGCCUACUAUGCCCCAGACGACUCGCCCGA,hVSMC-0123,1,(((((..((.((.(((((((((......)))..)))))).))..)).))).))...
hVSMC-0121,1,1,1,1,FALSE,GGGAGGACGAUGCGGCAAGCGGGAUGGGCCUACGCUGCCCCAGACGACUCGCCCGA,hVSMC-0121,1,(((((..((.((.((((.(((((.....))..))))))).))..)).))).))...
hVSMC-0111,1,1,1,1,FALSE,GGGAGGACGAUGCGGCGUGAGGGAUGGGACUACUCUGCCCCAGACGACUCGCCCGA,hVSMC-0111,1,............(((.(((((...((((..........)))).....)))))))).
hVSMC-0110,1,1,1,1,FALSE,GGGAGGACGAUGCGGCGUGAGGGAUGGGCCAACUCCGCCCCAGACGACUCGCCCGA,hVSMC-0110,1,(((((..((.((.((((.(((((.....))..))))))).))..)).))).))...
hVSMC-0107,1,1,1,1,FALSE,GGGAGGACGAUGCGGUGAGCAGGGAUGGGACUACUGCCCCCAGACGACUCGCCCGA,hVSMC-0107,1,.............((((((......((((.........)))).....))))))...
hVSMC-0103,1,1,1,1,FALSE,GGGAGGACGAUGCGGUGAGCAGGUAUGGGCCUACUGCCCCCAGACGACUCGCCCGA,hVSMC-0103,1,(((((..((.((.((..((.((((....)))).))..)).))..)).))).))...
hVSMC-0101,1,1,1,1,FALSE,GGGAGGACGAUGCGGCGUGAGGGAUGGGCCUACCCUGCCCCAGACGACUCGCCCGA,hVSMC-0101,1,(((....(((..((...((.(((..(((....)))..)))))..))..))))))..
hVSMC-0097,1,1,1,1,FALSE,GGGAGGACGAUGCGGUGAGCAGGGAUGGGCCUACUGACCCCAGACGACUCGCCCGA,hVSMC-0097,1,(((((..((.((.(((.((.(((......))).)).))).))..)).))).))...
hVSMC-0090,1,1,1,1,FALSE,GGGAGGACGAUGCGGCGUGAGGGAUGGGCCUACACAGCCCCAGACGACUCGCCCGA,hVSMC-0090,1,(((((..((.((.(((((((((......))).))).))).))..)).))).))...
hVSMC-0089,1,1,1,1,FALSE,GGGAGGACGAUGCGGCGUGAGGGAUGGGCCUACUCUGCCACAGACGACUCGCCCGA,hVSMC-0089,1,(((((..((.((.((((.(((((.....))..))))))).))..)).))).))...
hVSMC-0088,1,1,1,1,FALSE,GGGAGGACGAUGCGGGUGAGGGAUGGGCCUACUCUGCCCCAGACGACUCGCCCGA,hVSMC-0088,1,............((((((((....((((.......)))).......)))))))).
hVSMC-0086,1,1,1,1,FALSE,GGGAGGACGAUGCGGUGAGCAAGGAUGGGCCUACUGCCCCCAGACGACUCGCCCGA,hVSMC-0086,1,.............((((((.......((((.....))))........))))))...
hVSMC-0083,1,1,1,1,FALSE,GGGAGGACGAUGCGGUGAGCAGGGAUGGGCCUACUGUCCCCAGACGACUCGCCCGA,hVSMC-0083,1,.............((((((..(((((((.....))))))).......))))))...
hVSMC-0082,1,1,1,1,FALSE,GGGAGGACGAUGCGGUGAGCAGGGAUGGGCCUACUUCCCCCAGACGACUCGCCCGA,hVSMC-0082,1,(((((..((.((.((.(((.(((......))).))).)).))..)).))).))...
hVSMC-0077,1,1,1,1,FALSE,GGGAGGACGAUGCGGCGUGAGGGAUGGGCCUACACCGCCCCAGACGACUCGCCCGA,hVSMC-0077,1,(((((..((.((.(((((((((......))).)).)))).))..)).))).))...
hVSMC-0076,1,1,1,1,FALSE,GGGAGGACGAUGCGGUGAGCAUGGAUGGGCCUACUGCCCCCAGACGACUCGCCCGA,hVSMC-0076,1,.............((((((..(((..((((.....))))))).....))))))...
hVSMC-0074,1,1,1,1,FALSE,GGGAGGACGAUGCGGGUGAGCAGGGAUGGGCCUACUGCCCCCAGACGACUCGCCCGA,hVSMC-0074,1,............((((((((...((..((((.....))))))......)))))))).
hVSMC-0073,1,1,1,1,FALSE,GGGAGGACGAUGCGGAGUGAGGGAUGGGCCUACUCUGCCCCAGACGACUCGCCCGA,hVSMC-0073,1,(((((..((..(((((((.(((......))))))))))......)).))).))...
hVSMC-0072,1,1,1,1,FALSE,GGGAGGACGAUGCGGUGAGCAGGGAUGGGCAUACUGCCCCCAGACGACUCGCCCGA,hVSMC-0072,1,.............((((((...((..(((((...)))))))......))))))...
hVSMC-0070,1,1,1,1,FALSE,GGGAGGACGAUGCGGUGAGCAGGGAUGGGCCUACUGCCACCAGACGACUCGCCCGA,hVSMC-0070,1,(((((..((....((((.((((((.....))..))))))))...)).))).))...
hVSMC-0068,1,1,1,1,FALSE,GGGAGGACGAUGCGGUGAGCAGGGAUGGGCCUACUGCACCCAGACGACUCGCCCGA,hVSMC-0068,1,(((((..((.((.((((((.(((......))).)).))))))..)).))).))...
hVSMC-0067,1,1,1,1,FALSE,GGGAGGACGAUGCGGUGAUCAGGGAUGGGCCUACUGCCCCCAGACGACUCGCCCGA,hVSMC-0067,1,.......((..(((((..((..((..((((.....)))))).))..)).))).)).
hVSMC-0065,1,1,1,1,FALSE,GGGAGGACGAUGCGGCCUGAGGGAUGGGCCUACUCUGCCCCAGACGACUCGCCCGA,hVSMC-0065,1,(((....(((..((..(((.(((..(((....)))..)))))).))..))))))..
hVSMC-0064,1,1,1,1,FALSE,GGGAGGACGAUGCGGUGAGCAGGGAUGGUCCUACUGCCCCCAGACGACUCGCCCGA,hVSMC-0064,1,(((((..((.((.((...(((((((...)))..)))).))))..)).))).))...
hVSMC-0061,1,1,1,1,FALSE,GGGAGGACGAUGCGGGAGCAGGGAUGGGCCUACUGCCCCCAGACGACUCGCCCGA,hVSMC-0061,1,(((((..((.((.(((.((((((.....))..)))))))))..)).))).))...
hVSMC-0060,1,1,1,1,FALSE,GGGAGGACGAUGCGGUGAGCAGGGAUGGGCCUACUGCCCACAGACGACUCGCCCGA,hVSMC-0060,1,(((((..((.((.((..((.(((......))).))..)).))..)).))).))...
hVSMC-0058,1,1,1,1,FALSE,GGGAGGACGAUGCGGUGAGCAGGGAUGUGCCUACUGCCCCCAGACGACUCGCCCGA,hVSMC-0058,1,(((((..((.((.((..((.(((......))).))..)).))..)).))).))...
hVSMC-0056,1,1,1,1,FALSE,GGGAGGACGAUGCGGCGUGAGGGAUGGGCCAACUCUGCCCCAGACGACUCGCCCGA,hVSMC-0056,1,............(((.(((((...((((.((....)).)))).....)))))))).
hVSMC-0055,1,1,1,1,FALSE,GGGAGGACGAUGCGGUGACCAGGGAUGGGCCUACUGCCCCCAGACGACUCGCCCGA,hVSMC-0055,1,(((.((.((.((.(((..(((....)))))))).)))))))...............
hVSMC-0053,1,1,1,1,FALSE,GGGAGGACGAUGCGGUGUGAGGGAUGGGCCUACUCUGCCCCAGACGACUCGCCCGA,hVSMC-0053,1,............(((.(((((....((((.......)))).......)))))))).
hVSMC-0052,1,1,1,1,FALSE,GGGAGGACGAUGCGGUGGGCAGGGAUGGGCCUACUGCCCCCAGACGACUCGCCCGA,hVSMC-0052,1,(((((..((....((.((((((((.....))..))))))))...)).))).))...
hVSMC-0051,1,1,1,1,FALSE,GGGAGGACGAUGCGGUGAGCAGGGAUGGGCCUACUGCCCCCCAGACGACUCGCCCGA,hVSMC-0051,1,.............((((((..(((..((((.....)))))))......))))))...
hVSMC-0046,1,1,1,1,FALSE,GGGAGGACGAUGCGGUGAGCAGGGAUGGGCCUACCGCCCCCAGACGACUCGCCCGA,hVSMC-0046,1,.............((((((...((..((((.....))))))......))))))...
hVSMC-0044,1,1,1,1,FALSE,GGGAGGACGAUGCGGCGUGAGGGAUGGGCCUACACUGCCCCAGACGACUCGCCCGA,hVSMC-0044,1,(((((..((.((.(((((((((......))).))).))).))..)).))).))...
hVSMC-0042,1,1,1,1,FALSE,GGGAGGACGAUGCGGUGAGCAGGGAUGGGCCUACUCCGCCCCAGACGACUCGCCCGA,hVSMC-0042,1,(((((..((.((.((((((.(((......))).)).)))).))..)).))).))...
hVSMC-0041,1,1,1,1,FALSE,GGGAGGACGAUGCGGCGUGAGGGAUGGGCCUACUCCGCCCAGACGACUCGCCCGA,hVSMC-0041,1,............(((.(((((...(((((.......))))).....)))))))).
hVSMC-0040,1,1,1,1,FALSE,GGGAGGACGAUGCGGUGUCAGGGAUGGGCCUACUGCCCCCAGACGACUCGCCCGA,hVSMC-0040,1,.......((..((((((((..((..((((.....)))))).))).)).))).)).
hVSMC-0038,1,1,1,1,FALSE,GGGAGGACGAUGCGGUGAGCAGGGAUGGGCCAACUGCCCCCAGACGACUCGCCCGA,hVSMC-0038,1,.............((((((...((..((((.....))))))......))))))...
hVSMC-0035,1,1,1,1,FALSE,GGGAGGACGAUGCGGCAAACGGGAUGGGCCUACGCUGCCCCAGACGACUCGCCCGA,hVSMC-0035,1,(((((..((.((.((((...(((.....)))....)))).))..)).))).))...
hVSMC-0031,1,1,1,1,FALSE,GGGAGGACGAUGCGGGGAGCAGGGAUGGGCCUACUGCCCCCAGACGACUCGCCCGA,hVSMC-0031,1,(((((..((.((.((((((.(((......))).)).))))))..)).))).))...
hVSMC-0030,1,1,1,1,FALSE,GGGAGGACGAUGCGGCGUGAGGGAAGGGCCUACUCCGCCCCAGACGACUCGCCCGA,hVSMC-0030,1,(((((..((.((.((((.(((((.....))..))))))).))..)).))).))...
hVSMC-0028,1,1,1,1,FALSE,GGGAGGACGAUGCGGCGAGAGGGAUGGGCCUACUCCGCCCCAGACGACUCGCCCGA,hVSMC-0028,1,(((((..((.((.(((((((((......))).)).)))).))..)).))).))...
hVSMC-0026,1,1,1,1,FALSE,GGGAGGACGAUGCGGUGAGAAGGGAUGGGCCUACUGCCCCCAGACGACUCGCCCGA,hVSMC-0026,1,(((((..((.((.((..((.(((......))).))..)).))..)).))).))...
hVSMC-0025,1,1,1,1,FALSE,GGGAGGACGAUGCGGUGAGCAGGGAUGGGCCUACAGCCCCCAGACGACUCGCCCGA,hVSMC-0025,1,.............((((((...((..((((.....))))))......))))))...
hVSMC-0024,1,1,1,1,FALSE,GGGAGGACGAUGCGGCAUGAGGGAUGGGCCUACUCUGCCCCAGACGACUCGCCCGA,hVSMC-0024,1,(((((..((.((.((((.(((((.....))..))))))).))..)).))).))...
hVSMC-0022,1,1,1,1,FALSE,GGGAGGACGAUGCGGCGUGAGGGAUGGGCCUACUCUGCCCAGACGACUCGCCCGA,hVSMC-0022,1,............(((.(((((...(((((.......))))).....)))))))).
hVSMC-0021,1,1,1,1,FALSE,GGGAGGACGAUGCGGCGUGAGGGAUGGGCCUACUCAGCCCCAGACGACUCGCCCGA,hVSMC-0021,1,............(((.(((((...((((.((....)).)))).....)))))))).
hVSMC-0019,1,1,1,1,FALSE,GGGAGGACGAUGCGGCGUGAGGGAUGAGCCUACUCUGCCCCAGACGACUCGCCCGA,hVSMC-0019,1,(((....(((..((...((.(((..(((....)))..)))))..))..))))))..
hVSMC-0017,1,1,1,1,FALSE,GGGAGGACGAUGCGGUGAGCAGGGAUGGGCCUACUCUGCCCCAGACGACUCGCCCGA,hVSMC-0017,1,(((((..((.((.((((((.(((......))).))).))).))..)).))).))...
hVSMC-0016,1,1,1,1,FALSE,GGGAGGACGAUGCGGCGUGAGGGAUGGGCCUACUGCCCCCAGACGACUCGCCCGA,hVSMC-0016,1,............(((.(((((((..((((.....))))))......)))))))).
hVSMC-0015,1,1,1,1,FALSE,GGGAGGACGAUGCGGCGUGAGGGAUGGGCCUACGCUGCCCCAGACGACUCGCCCGA,hVSMC-0015,1,(((((..((..(((((((.(((......))))))))))......)).))).))...
hVSMC-0014,1,1,1,1,FALSE,GGGAGGACGAUGCGGCAAUCGGGAUGGGCCUACGCUGCCCCAGACGACUCGCCCGA,hVSMC-0014,1,(((((..((.((.((((...(((.....)))....)))).))..)).))).))...
hVSMC-0012,1,1,1,1,FALSE,GGGAGGACGAUGCGGCGAGAGGGAUGGGCCUACUCUGCCCCAGACGACUCGCCCGA,hVSMC-0012,1,(((((..((.((.(((((((((......))).))).))).))..)).))).))...
hVSMC-0011,1,1,1,1,FALSE,GGGAGGACGAUGCGGAGAGCAGGGAUGGGCCUACUGCCCCCAGACGACUCGCCCGA,hVSMC-0011,1,(((((..((.((.((..((.(((......))).))..)).))..)).))).))...
hVSMC-0004,1,1,1,1,FALSE,GGGAGGACGAUGCGGCGUGAGGGAUGGGCCUACUCCGCCCCAGACGACUCGCCCGA,hVSMC-0004,1,(((((..((.((.((((.(((((.....))..))))))).))..)).))).))...
hVSMC-0002,1,1,1,1,FALSE,GGGAGGACGAUGCGGCGUGAGGGAUGGGCCUACUCUGCCCCAGACGACUCGCCCGA,hVSMC-0002,1,............(((.(((((....((((.......)))).......)))))))).
hVSMC-0001,1,1,1,1,FALSE,GGGAGGACGAUGCGGUGAGCAGGGAUGGGCCUACUGCCCCCAGACGACUCGCCCGA,hVSMC-0001,1,(((((..((.((.((..((.(((......))).))..)).))..)).))).))...
