"energy","ensembleDiversity","ensembleFreeEnergy","ensembleProbability","hVSMC:hEC","Log 10 RP10M 9","Log2 hVSMC:hEC","Log2 mVSMC:mEC","Log2 R3:9","mVSMC:mEC","name","selected","sequence","shared name","size","structure"
"1.0","1.0","1.0","1.0","4.031683193","2.480393369","2.011382277","0.554113914","5.070688041","1.468266565","hVSMC-0400","false","GGGAGGACGAUGCGGUGAGCAGGGAUGGGCAUACAGCCCCCAGACGACUCGCCCGA","hVSMC-0400","1",".............((((((...((..((((.....))))))......))))))..."
"1.0","1.0","1.0","1.0","5.605974679","2.556910223","2.486965228","0.145853484","5.324871529","1.106384986","hVSMC-0372","false","GGGAGGACGAUGCGGUGAGCAGGGAUGGGCCUACUGCCGCCAGACGACUCGCCCGA","hVSMC-0372","1","(((((..((..(((((.((.(((......))).)))))))....)).))).))..."
"1.0","1.0","1.0","1.0","4.130066118","2.633298569","2.046164878","0.145853484","5.578628121","1.106384986","hVSMC-0340","false","GGGAGGACGAUGCGGCGUGAGGUAUGGGCCUACUCUGCCCCAGACGACUCGCCCGA","hVSMC-0340","1","(((((..((.((.((((..((((....))))....)))).))..)).))).))..."
"1.0","1.0","1.0","1.0","4.219727125","2.648441908","2.077149708","0.145853484","5.628933203","1.106384986","hVSMC-0332","false","GGGAGGACGAUGCGGUGAGCAGGGAUGGGCCUACAUCCCCCAGACGACUCGCCCGA","hVSMC-0332","1","(((....(((..((.......((((((......)))))).....))..)))))).."
"1.0","1.0","1.0","1.0","4.603644294","2.655154475","2.202776366","1.35270842","5.65123187","2.5539113","hVSMC-0328","false","GGGAGGACGAUGCGGCGUGAGGGAUGGGCCUACUCCGCACCAGACGACUCGCCCGA","hVSMC-0328","1","(((((..((.(((((.((.(((......))))).))))).....)).))).))..."
"1.0","1.0","1.0","1.0","7.210586812","2.655154475","2.850116674","0.554113914","5.65123187","1.468266565","hVSMC-0327","false","GGGAGGACGAUGCGGCGUGAGGGAUGGGCAUACUCCGCCCCAGACGACUCGCCCGA","hVSMC-0327","1","(((((..((.((.((((.(((...........))))))).))..)).))).))..."
"1.0","1.0","1.0","1.0","4.847138995","2.666981682","2.277133453","0.145853484","5.690521001","1.106384986","hVSMC-0317","false","GGGAGGACGAUGCGGCGUGAGGGAUGGGCCUACUACGCCCCAGACGACUCGCCCGA","hVSMC-0317","1","(((((..((.((.(((((((((......)))..)))))).))..)).))).))..."
"1.0","1.0","1.0","1.0","4.700371796","2.674691254","2.232774877","2.063919243","5.716131645","4.181206346","hVSMC-0312","false","GGGAGGACGAUGCGGCGUGAGGGAUGGGCCUAAUCCGCCCCAGACGACUCGCCCGA","hVSMC-0312","1","(((((..((.((.((((.(((((.....)))..)))))).))..)).))).))..."
"1.0","1.0","1.0","1.0","4.276571609","2.700645446","2.096454697","1.708608063","5.802349603","3.268453252","hVSMC-0296","false","GGGAGGACGAUGCGGUGAUCAGGGAUGGGCCUACAGCCCCCAGACGACUCGCCCGA","hVSMC-0296","1",".......((..(((((..((..((..((((.....)))))).))..)).))).))."
"1.0","1.0","1.0","1.0","4.956433467","2.7018435","2.309302364","0.554113914","5.806329454","1.468266565","hVSMC-0295","false","GGGAGGACGAUGCGGCGUGAGGGAUGGCCCUACUCUGCCCCAGACGACUCGCCCGA","hVSMC-0295","1","(((((..((.((.((((..((((....))))....)))).))..)).))).))..."
"1.0","1.0","1.0","1.0","6.871156819","2.7018435","2.78055301","0.583257209","5.71497399","1.49822802","hVSMC-0294","false","GGGAGGACGAUGCGGAGAGCAGGGAUGGGCCAACUGCCCCCAGACGACUCGCCCGA","hVSMC-0294","1","(((((..((.((.((...((((((.....))..)))).))))..)).))).))..."
"1.0","1.0","1.0","1.0","5.113654846","2.712479815","2.354354787","0.545024735","5.841662527","1.45904536","hVSMC-0292","false","GGGAGGACGAUGCGGCGUGAGGGAUGGUCCUACUCCGCCCCAGACGACUCGCCCGA","hVSMC-0292","1","(((((..((.((.((((.((((((...)))..))))))).))..)).))).))..."
"1.0","1.0","1.0","1.0","4.27850241","2.72852418","2.097105903","1.151853088","5.894960753","2.221991177","hVSMC-0282","false","GGGAGGACGAUGCGGUGAGCAGGGAUGGGCCUACUGCGCCCAGACGACUCGCCCGA","hVSMC-0282","1","(((((..((.((.((((((.(((......))).)).))))))..)).))).))..."
"1.0","1.0","1.0","1.0","4.168876697","2.742909771","2.059658702","0.145853484","5.942748652","1.106384986","hVSMC-0275","false","GGGAGGACGAUGCGGUGAGCAGGGAUGUUCCUACUGCCCCCAGACGACUCGCCCGA","hVSMC-0275","1","(((((..((.((.((..((.((((....)))).))..)).))..)).))).))..."
"1.0","1.0","1.0","1.0","5.27831563","2.751531284","2.400077623","1.883721583","5.9713887","3.690257741","hVSMC-0272","false","GGGAGGACGAUGCGGCGUGAGGGAUGGGCCUACUCCGACCCAGACGACUCGCCCGA","hVSMC-0272","1","............(((.(((((...((((..........)))).....))))))))."
"1.0","1.0","1.0","1.0","5.640092134","2.753660183","2.49571873","1.347489969","5.978460749","2.544690095","hVSMC-0270","false","GGGAGGACGAUGCGGCGUGAGGGAUUGGCCUACUCCGCCCCAGACGACUCGCCCGA","hVSMC-0270","1","(((((..((.((.((((.(((((.....))..))))))).))..)).))).))..."
"1.0","1.0","1.0","1.0","4.024306746","2.768277243","2.008740276","0.145853484","6.027017569","1.106384986","hVSMC-0264","false","GGGAGGACGAUGCGGGCGUGAGGGAUGGGCCUACUCCGCCCCAGACGACUCGCCCGA","hVSMC-0264","1","(((((..((.((.(((((.(((((.....))..))))))))))..)).))).))..."
"1.0","1.0","1.0","1.0","5.839309321","2.784401395","2.545797736","0.145853484","5.989225381","1.106384986","hVSMC-0260","false","GGGAGGACGAUGCGGUGAGCAGGGAUGGCCCUACUGCCCCCAGACGACUCGCCCGA","hVSMC-0260","1","(((((..((.((.((..((.((((....)))).))..)).))..)).))).))..."
"1.0","1.0","1.0","1.0","4.284165225","2.822272389","2.099014121","0.545024735","6.122063737","1.45904536","hVSMC-0252","false","GGGAGGACGAUGCGGCGUGAGGGAUGGGCCUACUCUCCCCCAGACGACUCGCCCGA","hVSMC-0252","1","(((....(((..((...((.((((.(((....))))))).))..))..)))))).."
"1.0","1.0","1.0","1.0","6.436183376","2.824983913","2.686205431","0.554113914","6.215393052","1.468266565","hVSMC-0251","false","GGGAGGACGAUGCGGCGUGAUGGAUGGGCCUACUCUGCCCCAGACGACUCGCCCGA","hVSMC-0251","1","............(((.((((((..(((((.......)).)))..))..)))))))."
"1.0","1.0","1.0","1.0","4.66393907","2.830356697","2.221548941","0.145853484","6.233241054","1.106384986","hVSMC-0250","false","GGGAGGACGAUGCGGUGAGCAGGGAUGGUCCAACUGCCCCCAGACGACUCGCCCGA","hVSMC-0250","1","(((((..((.((.((...(((((((...)))..)))).))))..)).))).))..."
"1.0","1.0","1.0","1.0","5.705912625","2.836542074","2.512457655","1.381069032","6.253788431","2.604613006","hVSMC-0249","false","GGGAGGACGAUGCGGCGUGAGGGAUGGGCCAACACCGCCCCAGACGACUCGCCCGA","hVSMC-0249","1","(((((..((.((.((((((..((.....))..)).)))).))..)).))).))..."
"1.0","1.0","1.0","1.0","5.233824106","2.850357775","2.38786544","1.852754923","6.299683197","3.611892421","hVSMC-0242","false","GGGAGGACGAUGCGGCGUGAGGGAUGGGACUACUCCGCCCCAGACGACUCGCCCGA","hVSMC-0242","1","(((((..((.((.((((.(((...........))))))).))..)).))).))..."
"1.0","1.0","1.0","1.0","7.774415194","2.883875953","2.958734157","0.728325907","6.326706348","1.656715535","hVSMC-0236","false","GGGAGGACGAUGCGGCGUGAGGGAUGUGCCUACUCUGCCCCAGACGACUCGCCCGA","hVSMC-0236","1","(((((..((.((.((((.(((((.....))..))))))).))..)).))).))..."
"1.0","1.0","1.0","1.0","5.649367405","2.911314201","2.498089329","0.554113914","6.502176061","1.468266565","hVSMC-0228","false","GGGAGGACGAUGCGGUGAGCAGGCAUGGGCCUACUGCCCCCAGACGACUCGCCCGA","hVSMC-0228","1","(((((..((.((.((..((.((((....)))).))..)).))..)).))).))..."
"1.0","1.0","1.0","1.0","7.951433131","2.948794905","2.991214909","0.545024735","6.626684263","1.45904536","hVSMC-0215","false","GGGAGGACGAUGCGGCGUUAGGGAUGGGCCUACUCUGCCCCAGACGACUCGCCCGA","hVSMC-0215","1","(((((..((.((.((((.((((......))))...)))).))..)).))).))..."
"1.0","1.0","1.0","1.0","6.255733061","2.953511881","2.645178953","1.126185578","6.550998255","2.182808517","hVSMC-0213","false","GGGAGGACGAUGCGGUGAGCAGGGAUGGCCUACUGCCCCCAGACGACUCGCCCGA","hVSMC-0213","1","(((((..((.((.((..((.(((.....))).))..)).))..)).))).))..."
"1.0","1.0","1.0","1.0","5.257568679","2.958840715","2.394395791","0.145853484","6.660055721","1.106384986","hVSMC-0209","false","GGGAGGACGAUGCGGUGAGCAGGGAUGGGCCUACUACCCCCAGACGACUCGCCCGA","hVSMC-0209","1","(((((..((.((.((..((.(((......))).))..)).))..)).))).))..."
"1.0","1.0","1.0","1.0","4.202776982","2.96475852","2.071342903","0.545024735","6.679714246","1.45904536","hVSMC-0207","false","GGGAGGACGAUGCGGGUGAGGGAUGGGCCUACUCCGCCCCAGACGACUCGCCCGA","hVSMC-0207","1","............((((((((....((((.......)))).......))))))))."
"1.0","1.0","1.0","1.0","7.583536571","2.97572125","2.922870804","0.918440471","6.716131645","1.890071054","hVSMC-0204","false","GGGAGGACGAUGCGGUCAGCAGGGAUGGGCCUACUGCCCCCAGACGACUCGCCCGA","hVSMC-0204","1","(((((..((.((.((.(((.(((......))).))).)).))..)).))).))..."
"1.0","1.0","1.0","1.0","10.86376053","2.9888922","3.441451678","0.145853484","6.759884595","1.106384986","hVSMC-0203","false","GGGAGGACGAUGCGGUGUCAGGGAUGGGCCUACUGCCCCAGACGACUCGCCCGA","hVSMC-0203","1",".......((..((((((((.(((.(((.....))).))).))).)).))).))."
"1.0","1.0","1.0","1.0","6.513774811","2.993806476","2.703493845","1.520893316","6.776209466","2.869686854","hVSMC-0202","false","GGGAGGACGAUGCGGAGUGAGGGAUGGGCCUACUCCGCCCCAGACGACUCGCCCGA","hVSMC-0202","1","(((((..((..(((((((.(((......))))))))))......)).))).))..."
"1.0","1.0","1.0","1.0","12.65619942","2.997456031","3.661772332","0.864673038","6.7040112","1.820926938","hVSMC-0201","false","GGGAGGACGAUGCGGCGUGAGUGAUGGGCCUACUCUGCCCCAGACGACUCGCCCGA","hVSMC-0201","1","............(((.((((((...((((.......))))......)))))))))."
"1.0","1.0","1.0","1.0","5.25398904","3.008814689","2.393413191","0.145853484","6.734710208","1.106384986","hVSMC-0196","false","GGGAGGACGAUGCGGUGAGCAGGGAUCGGCCUACUGCCCCCAGACGACUCGCCCGA","hVSMC-0196","1","(((((..((.((.((..((.(((......))).))..)).))..)).))).))..."
"1.0","1.0","1.0","1.0","4.864219907","3.019308221","2.282208453","-0.182532535","6.696938212","0.881154841","hVSMC-0191","false","GGGAGGACGAUGCGGCGUGAGGGAUGGGCCAACUCAGCCCCAGACGACUCGCCCGA","hVSMC-0191","1","(((....(((..((...((.(((.((((....)))).)))))..))..)))))).."
"1.0","1.0","1.0","1.0","7.248283905","3.055220777","2.857639465","0.174092718","6.888867893","1.128254645","hVSMC-0182","false","GGGAGGACGAUGCGGUGAGCAGGGAUGGGCCUACUCCCCCCAGACGACUCGCCCGA","hVSMC-0182","1","(((((..((.((.((.(((.(((......))).))).)).))..)).))).))..."
"1.0","1.0","1.0","1.0","8.241226657","3.078450618","3.04285909","0.871960434","6.746170599","1.830148143","hVSMC-0178","false","GGGAGGACGAUGCGGCGUGAGGGAUGGUCCUACUCUGCCCCAGACGACUCGCCCGA","hVSMC-0178","1","(((((..((.((.((((.((((((...)))..))))))).))..)).))).))..."
"1.0","1.0","1.0","1.0","6.943961535","3.080956652","2.795758956","1.71368363","6.974360618","3.279972298","hVSMC-0176","false","GGGAGGACGAUGCGGUGAGCAGGGAUGCGCCUACUGCCCCCAGACGACUCGCCCGA","hVSMC-0176","1","(((((..((.((.((..((.(((......))).))..)).))..)).))).))..."
"1.0","1.0","1.0","1.0","5.886580109","3.102407653","2.557429724","0.545024735","7.136974766","1.45904536","hVSMC-0172","false","GGGAGGACGAUGCGGUAAGCAGGGAUGGGCCUACUGCCCCCAGACGACUCGCCCGA","hVSMC-0172","1","(((((..((.((.((..((.(((......))).))..)).))..)).))).))..."
"1.0","1.0","1.0","1.0","12.67336673","3.124660263","3.663727928","0.741912031","7.210896337","1.672390822","hVSMC-0163","false","GGGAGGACGAUGCGGUGAGCAGGGAUGGGCCUACUGCUCCCAGACGACUCGCCCGA","hVSMC-0163","1","(((((..((....((.((((((((.....))..))))))))...)).))).))..."
"1.0","1.0","1.0","1.0","14.72813954","3.141067416","3.880503296","1.871960434","6.930279338","3.660296286","hVSMC-0156","false","GGGAGGACGAUGCGGUUAGCAGGGAUGGGCCUACUGCCCCCAGACGACUCGCCCGA","hVSMC-0156","1","(((((..((.((.((.(((.(((......))).))).)).))..)).))).))..."
"1.0","1.0","1.0","1.0","4.20497423","3.1547741","2.072096959","0.545024735","5.79196072","1.45904536","hVSMC-0153","false","GGGAGGACGAUGCGGCAACCGGGAUGGGCCUACGAUGCCCCAGACGACUCGCCCGA","hVSMC-0153","1","(((((..((.((.((((...(((.....)))....)))).))..)).))).))..."
"1.0","1.0","1.0","1.0","6.248356613","3.178565771","2.643476795","1.171176482","7.389966557","2.251952632","hVSMC-0149","false","GGGAGGACGAUGCGGUGAACAGGGAUGGGCCUACUGCCCCCAGACGACUCGCCCGA","hVSMC-0149","1","(((....(((..((........((..((((.....))))))...))..)))))).."
"1.0","1.0","1.0","1.0","6.236966189","3.178964755","2.640844438","2.000518417","6.111647221","4.001437614","hVSMC-0148","false","GGGAGGACGAUGCGGCGAGCAGGGAUGGGCCUACUGCCCCCAGACGACUCGCCCGA","hVSMC-0148","1",".............((((((...((..((((.....))))))......))))))..."
"1.0","1.0","1.0","1.0","4.507709002","3.206769095","2.172394384","0.920854753","5.689652137","1.893236646","hVSMC-0142","false","GGGAGGACGAUGCGGCAACCGGGAUGGGACUACGCUGCCCCAGACGACUCGCCCGA","hVSMC-0142","1","(((((..((.((.((((..((...........)).)))).))..)).))).))..."
"1.0","1.0","1.0","1.0","10.30793884","3.208635426","3.365683977","2.38425571","7.312586851","5.220745057","hVSMC-0141","false","GGGAGGACGAUGCGGUGAGCAGGGAUUGGCCUACUGCCCCCAGACGACUCGCCCGA","hVSMC-0141","1","(((((..((.((.((..((.(((......))).))..)).))..)).))).))..."
"1.0","1.0","1.0","1.0","7.263253969","3.213818882","2.860616027","0.871960434","7.422753035","1.830148143","hVSMC-0139","false","GGGAGGACGAUGCGGUGAGCAGGGAUAGGCCUACUGCCCCCAGACGACUCGCCCGA","hVSMC-0139","1","(((((..((.((.((..((.(((......))).))..)).))..)).))).))..."
"1.0","1.0","1.0","1.0","18.49748882","3.225439495","4.209257522","1.708608063","7.23445708","3.268453252","hVSMC-0137","false","GGGAGGACGAUGCGGCGUGAGGGAUGGGCAUACUCUGCCCCAGACGACUCGCCCGA","hVSMC-0137","1","............(((.(((((....(((((.....))))).......))))))))."
"1.0","1.0","1.0","1.0","4.007356603","3.244370581","2.002650897","0.145853484","7.608565405","1.106384986","hVSMC-0130","false","GGGAGGACGAUGCGGCGUGAGGGAUGGGCCUACUCUGCCCCCAGACGACUCGCCCGA","hVSMC-0130","1","............(((.(((((((..((((.......))))))......))))))))."
"1.0","1.0","1.0","1.0","4.489159299","3.288994546","2.166445292","-0.263311007","6.149681199","0.833173578","hVSMC-0120","false","GGGAGGACGAUGCGGCAACCGGGAUGGGCCUACGCUGCCACAGACGACUCGCCCGA","hVSMC-0120","1","(((((..((.((.((((...(((.....)))....)))).))..)).))).))..."
"1.0","1.0","1.0","1.0","4.922533182","3.312785079","2.299400931","0.545024735","5.966550824","1.45904536","hVSMC-0117","false","GGGAGGACGAUGCGGCAACCGGGAUGGGCCAACGCAGCCCCAGACGACUCGCCCGA","hVSMC-0117","1","(((((..((.((.(((.....((.....))......))).))..)).))).))..."
"1.0","1.0","1.0","1.0","8.993071493","3.313370776","3.168813938","1.336996095","6.864698277","2.526247686","hVSMC-0116","false","GGGAGGACGAUGCGGGCGUGAGGGAUGGGCCUACUCUGCCCCAGACGACUCGCCCGA","hVSMC-0116","1","(((((..((.((.(((((.(((((.....))..))))))))))..)).))).))..."
"1.0","1.0","1.0","1.0","4.284165225","3.349301913","2.099014121","0.864673038","7.87281792","1.820926938","hVSMC-0108","false","GGGAGGACGAUGCGGCGUGAGGGGUGGGCCUACUCUGCCCCAGACGACUCGCCCGA","hVSMC-0108","1","(((....(((.....(((..((((((((.....))))))))..)))..)))))).."
"1.0","1.0","1.0","1.0","16.40931108","3.365173148","4.036442766","2.558637119","7.751510363","5.891508668","hVSMC-0103","false","GGGAGGACGAUGCGGUGAGCAGGUAUGGGCCUACUGCCCCCAGACGACUCGCCCGA","hVSMC-0103","1","(((((..((.((.((..((.((((....)))).))..)).))..)).))).))..."
"1.0","1.0","1.0","1.0","4.636150865","3.374424742","2.212927514","0.145853484","7.632587067","1.106384986","hVSMC-0102","false","GGGAGGACGAUGCGGUGAGCAGGGACGGGCCUACUGCCCCCAGACGACUCGCCCGA","hVSMC-0102","1","(((((..((.((.((..((.(((......))).))..)).))..)).))).))..."
"1.0","1.0","1.0","1.0","9.41527212","3.374932986","3.235002792","0.583257209","7.662722939","1.49822802","hVSMC-0101","false","GGGAGGACGAUGCGGCGUGAGGGAUGGGCCUACCCUGCCCCAGACGACUCGCCCGA","hVSMC-0101","1","(((....(((..((...((.(((..(((....)))..)))))..))..)))))).."
"1.0","1.0","1.0","1.0","4.201177422","3.385470977","2.070793714","0.545024735","7.766070156","1.45904536","hVSMC-0099","false","GGGAGGACGAUGCGGCGUGAGGAAUGGGCCUACUCUGCCCCAGACGACUCGCCCGA","hVSMC-0099","1","............(((.(((((....((((.......)))).......))))))))."
"1.0","1.0","1.0","1.0","11.47662782","3.388681585","3.520626892","1.940279492","7.485989766","3.837799898","hVSMC-0097","false","GGGAGGACGAUGCGGUGAGCAGGGAUGGGCCUACUGACCCCAGACGACUCGCCCGA","hVSMC-0097","1","(((((..((.((.(((.((.(((......))).)).))).))..)).))).))..."
"1.0","1.0","1.0","1.0","6.683492272","3.418858007","2.74060214","2.543888242","7.743389361","5.831585757","hVSMC-0090","false","GGGAGGACGAUGCGGCGUGAGGGAUGGGCCUACACAGCCCCAGACGACUCGCCCGA","hVSMC-0090","1","(((((..((.((.(((((((((......))).))).))).))..)).))).))..."
"1.0","1.0","1.0","1.0","27.67964347","3.421831855","4.790753455","1.845369617","7.818517611","3.593450011","hVSMC-0089","false","GGGAGGACGAUGCGGCGUGAGGGAUGGGCCUACUCUGCCACAGACGACUCGCCCGA","hVSMC-0089","1","(((((..((.((.((((.(((((.....))..))))))).))..)).))).))..."
"1.0","1.0","1.0","1.0","8.683924245","3.430409676","3.118347141","1.126185578","7.659501599","2.182808517","hVSMC-0088","false","GGGAGGACGAUGCGGGUGAGGGAUGGGCCUACUCUGCCCCAGACGACUCGCCCGA","hVSMC-0088","1","............((((((((....((((.......)))).......))))))))."
"1.0","1.0","1.0","1.0","5.937430537","3.473161656","2.56983873","1.857348644","8.033472523","3.623411467","hVSMC-0086","false","GGGAGGACGAUGCGGUGAGCAAGGAUGGGCCUACUGCCCCCAGACGACUCGCCCGA","hVSMC-0086","1",".............((((((.......((((.....))))........))))))..."
"1.0","1.0","1.0","1.0","4.639947673","3.480592541","2.214108535","0.545024735","7.725761634","1.45904536","hVSMC-0085","false","GGGAGGACGAUGCGGUGAGCAGGGAUGGACCUACUGCCCCCAGACGACUCGCCCGA","hVSMC-0085","1","(((((..((.((.((..((.(((......))).))..)).))..)).))).))..."
"1.0","1.0","1.0","1.0","17.67185536","3.489657092","4.143381611","2.220531899","7.816506455","4.660652337","hVSMC-0083","false","GGGAGGACGAUGCGGUGAGCAGGGAUGGGCCUACUGUCCCCAGACGACUCGCCCGA","hVSMC-0083","1",".............((((((..(((((((.....))))))).......))))))..."
"1.0","1.0","1.0","1.0","17.77142664","3.547453982","4.151487596","1.846608886","7.732049529","3.596538098","hVSMC-0076","false","GGGAGGACGAUGCGGUGAGCAUGGAUGGGCCUACUGCCCCCAGACGACUCGCCCGA","hVSMC-0076","1",".............((((((..(((..((((.....))))))).....))))))..."
"1.0","1.0","1.0","1.0","10.52616099","3.562552646","3.39590746","2.527255412","8.354322727","5.764739483","hVSMC-0073","false","GGGAGGACGAUGCGGAGUGAGGGAUGGGCCUACUCUGCCCCAGACGACUCGCCCGA","hVSMC-0073","1","(((((..((..(((((((.(((......))))))))))......)).))).))..."
"1.0","1.0","1.0","1.0","37.78840103","3.57136614","5.239871569","2.919009126","7.70891273","7.563264779","hVSMC-0070","false","GGGAGGACGAUGCGGUGAGCAGGGAUGGGCCUACUGCCACCAGACGACUCGCCCGA","hVSMC-0070","1","(((((..((....((((.((((((.....))..))))))))...)).))).))..."
"1.0","1.0","1.0","1.0","10.54213437","3.602383659","3.398095081","1.68007331","8.19589269","3.204442338","hVSMC-0067","false","GGGAGGACGAUGCGGUGAUCAGGGAUGGGCCUACUGCCCCCAGACGACUCGCCCGA","hVSMC-0067","1",".......((..(((((..((..((..((((.....)))))).))..)).))).))."
"1.0","1.0","1.0","1.0","5.671823704","3.666073252","2.50381269","1.739802838","8.838788491","3.339895208","hVSMC-0065","false","GGGAGGACGAUGCGGCCUGAGGGAUGGGCCUACUCUGCCCCAGACGACUCGCCCGA","hVSMC-0065","1","(((....(((..((..(((.(((..(((....)))..)))))).))..)))))).."
"1.0","1.0","1.0","1.0","32.33737096","3.693264863","5.015130487","2.881468156","8.113851524","7.368996437","hVSMC-0064","false","GGGAGGACGAUGCGGUGAGCAGGGAUGGUCCUACUGCCCCCAGACGACUCGCCCGA","hVSMC-0064","1","(((((..((.((.((...(((((((...)))..)))).))))..)).))).))..."
"1.0","1.0","1.0","1.0","19.45577521","3.720576085","4.28212656","0.661898309","7.881531917","1.582163077","hVSMC-0061","false","GGGAGGACGAUGCGGGAGCAGGGAUGGGCCUACUGCCCCCAGACGACUCGCCCGA","hVSMC-0061","1","(((((..((.((.(((.((((((.....))..)))))))))..)).))).))..."
"1.0","1.0","1.0","1.0","18.74780594","3.721491836","4.228649861","2.535865674","8.586644802","5.799247353","hVSMC-0060","false","GGGAGGACGAUGCGGUGAGCAGGGAUGGGCCUACUGCCCACAGACGACUCGCCCGA","hVSMC-0060","1","(((((..((.((.((..((.(((......))).))..)).))..)).))).))..."
"1.0","1.0","1.0","1.0","10.64892555","3.741164738","3.412635968","1.678048861","8.32139285","3.199948887","hVSMC-0058","false","GGGAGGACGAUGCGGUGAGCAGGGAUGUGCCUACUGCCCCCAGACGACUCGCCCGA","hVSMC-0058","1","(((((..((.((.((..((.(((......))).))..)).))..)).))).))..."
"1.0","1.0","1.0","1.0","5.076622525","3.743018603","2.343868992","1.949891927","0.437387528","3.863455892","hVSMC-0057","false","GGGAGGACGAUGCGGGUCCAAGGGAUGGGCCUACUUGCCCCAGACGACUCGCCCGA","hVSMC-0057","1",".......((..(((((((...(((..((.....))..))).....))))))).))."
"1.0","1.0","1.0","1.0","13.92559689","3.754932531","3.799667262","2.513338085","9.046263007","5.709395821","hVSMC-0055","false","GGGAGGACGAUGCGGUGACCAGGGAUGGGCCUACUGCCCCCAGACGACUCGCCCGA","hVSMC-0055","1","(((.((.((.((.(((..(((....)))))))).)))))))..............."
"1.0","1.0","1.0","1.0","17.06989539","3.79601711","4.093382312","1.717021087","8.806905489","3.287568801","hVSMC-0053","false","GGGAGGACGAUGCGGUGUGAGGGAUGGGCCUACUCUGCCCCAGACGACUCGCCCGA","hVSMC-0053","1","............(((.(((((....((((.......)))).......))))))))."
"1.0","1.0","1.0","1.0","21.13847724","3.797939196","4.401799548","2.032567079","7.946485459","4.09132198","hVSMC-0052","false","GGGAGGACGAUGCGGUGGGCAGGGAUGGGCCUACUGCCCCCAGACGACUCGCCCGA","hVSMC-0052","1","(((((..((....((.((((((((.....))..))))))))...)).))).))..."
"1.0","1.0","1.0","1.0","11.51009525","3.804883489","3.524827868","1.558656157","8.351863282","2.945793207","hVSMC-0051","false","GGGAGGACGAUGCGGUGAGCAGGGAUGGGCCUACUGCCCCCCAGACGACUCGCCCGA","hVSMC-0051","1",".............((((((..(((..((((.....)))))))......))))))..."
"1.0","1.0","1.0","1.0","5.792762918","3.807517866","2.534251621","1.159594658","7.913157235","2.233946535","hVSMC-0050","false","GGGAGGACGAUGCGGUGAGCAGGGGUGGGCCUACUGCCCCCAGACGACUCGCCCGA","hVSMC-0050","1",".............((((((..(((((((.....))))))).......))))))..."
"1.0","1.0","1.0","1.0","5.636933769","3.838904516","2.494910617","1.535158676","6.82266888","2.898203052","hVSMC-0047","false","GGGAGGACGAUGCGGCAACCGGGAUGGGCCAACGCUGCCCCAGACGACUCGCCCGA","hVSMC-0047","1","(((((..((.((.((((....((.....)).....)))).))..)).))).))..."
"1.0","1.0","1.0","1.0","5.156634569","3.846344803","2.366429811","1.543888242","9.200271576","2.915792879","hVSMC-0046","false","GGGAGGACGAUGCGGUGAGCAGGGAUGGGCCUACCGCCCCCAGACGACUCGCCCGA","hVSMC-0046","1",".............((((((...((..((((.....))))))......))))))..."
"1.0","1.0","1.0","1.0","12.65589801","3.903714413","3.661737974","0.871960434","9.71453638","1.830148143","hVSMC-0042","false","GGGAGGACGAUGCGGUGAGCAGGGAUGGGCCUACUCCGCCCCAGACGACUCGCCCGA","hVSMC-0042","1","(((((..((.((.((((((.(((......))).)).)))).))..)).))).))..."
"1.0","1.0","1.0","1.0","27.36717885","4.073191282","4.774374817","1.397569955","8.931854189","2.634574461","hVSMC-0031","false","GGGAGGACGAUGCGGGGAGCAGGGAUGGGCCUACUGCCCCCAGACGACUCGCCCGA","hVSMC-0031","1","(((((..((.((.((((((.(((......))).)).))))))..)).))).))..."
"1.0","1.0","1.0","1.0","5.494317688","4.078852556","2.457940331","1.910503139","10.38065452","3.759401857","hVSMC-0030","false","GGGAGGACGAUGCGGCGUGAGGGAAGGGCCUACUCCGCCCCAGACGACUCGCCCGA","hVSMC-0030","1","(((((..((.((.((((.(((((.....))..))))))).))..)).))).))..."
"1.0","1.0","1.0","1.0","5.739259394","4.091863319","2.52086458","0.613626004","7.467461358","1.530100064","hVSMC-0029","false","GGGAGGACGAUGCGGCAACCGGGAUGGGCCUACGCUGCCCAGACGACUCGCCCGA","hVSMC-0029","1","(((((..((.((.((((...(((.....)))....))))))..)).))).))..."
"1.0","1.0","1.0","1.0","21.15010292","4.121120909","4.402592779","4.131319384","10.52106695","17.52471873","hVSMC-0028","false","GGGAGGACGAUGCGGCGAGAGGGAUGGGCCUACUCCGCCCCAGACGACUCGCCCGA","hVSMC-0028","1","(((((..((.((.(((((((((......))).)).)))).))..)).))).))..."
"1.0","1.0","1.0","1.0","5.624904696","4.142501091","2.491828653","0.754138635","6.440388672","1.686624288","hVSMC-0027","false","GGGAGGACGAUGCGGCAACCGGGAUGGGCCUACGCAGCCCCAGACGACUCGCCCGA","hVSMC-0027","1","(((((..((.((.(((....(((.....))).....))).))..)).))).))..."
"1.0","1.0","1.0","1.0","34.35225657","4.156709349","5.102332967","2.450566251","8.318317098","5.466306104","hVSMC-0025","false","GGGAGGACGAUGCGGUGAGCAGGGAUGGGCCUACAGCCCCCAGACGACUCGCCCGA","hVSMC-0025","1",".............((((((...((..((((.....))))))......))))))..."
"1.0","1.0","1.0","1.0","11.97047413","4.235848616","3.581408391","1.268590864","10.10921731","2.409261287","hVSMC-0022","false","GGGAGGACGAUGCGGCGUGAGGGAUGGGCCUACUCUGCCCAGACGACUCGCCCGA","hVSMC-0022","1","............(((.(((((...(((((.......))))).....))))))))."
"1.0","1.0","1.0","1.0","6.314511826","4.249757142","2.658671204","1.19122119","10.31419725","2.28345948","hVSMC-0020","false","GGGAGGACGAUGCGGUGAGCAGGGAUGGGCCUACGCUGCCCCAGACGACUCGCCCGA","hVSMC-0020","1","(((((..((.((.((..((((((......)))..)))..))))..)).))).))..."
"1.0","1.0","1.0","1.0","7.570213494","4.301985015","2.920333988","1.505047325","11.12188451","2.838339817","hVSMC-0019","false","GGGAGGACGAUGCGGCGUGAGGGAUGAGCCUACUCUGCCCCAGACGACUCGCCCGA","hVSMC-0019","1","(((....(((..((...((.(((..(((....)))..)))))..))..)))))).."
"1.0","1.0","1.0","1.0","11.30397245","4.32125882","3.49875795","0.243659377","10.14725974","1.183992036","hVSMC-0017","false","GGGAGGACGAUGCGGUGAGCAGGGAUGGGCCUACUCUGCCCCAGACGACUCGCCCGA","hVSMC-0017","1","(((((..((.((.((((((.(((......))).))).))).))..)).))).))..."
"1.0","1.0","1.0","1.0","40.18427","4.431012754","5.328558969","1.09564472","11.31102452","2.137085637","hVSMC-0016","false","GGGAGGACGAUGCGGCGUGAGGGAUGGGCCUACUGCCCCCAGACGACUCGCCCGA","hVSMC-0016","1","............(((.(((((((..((((.....))))))......))))))))."
"1.0","1.0","1.0","1.0","32.2109736","4.462020818","5.009480363","0.406748965","11.1357952","1.325695064","hVSMC-0015","false","GGGAGGACGAUGCGGCGUGAGGGAUGGGCCUACGCUGCCCCAGACGACUCGCCCGA","hVSMC-0015","1","(((((..((..(((((((.(((......))))))))))......)).))).))..."
"1.0","1.0","1.0","1.0","4.001129784","4.538101338","2.000407426","-0.059441461","10.81138649","0.95963557","hVSMC-0013","false","GGGAGGACGAUGCGGUGAGCAGGGAGGGGCCUACUGCCCCCAGACGACUCGCCCGA","hVSMC-0013","1",".............((((((......(((((.....))))).......))))))..."
"1.0","1.0","1.0","1.0","17.37112252","4.550108977","4.118619079","1.787598775","10.51827058","3.452397962","hVSMC-0012","false","GGGAGGACGAUGCGGCGAGAGGGAUGGGCCUACUCUGCCCCAGACGACUCGCCCGA","hVSMC-0012","1","(((((..((.((.(((((((((......))).))).))).))..)).))).))..."
"1.0","1.0","1.0","1.0","8.278246634","4.580479224","3.049325231","1.832192007","9.962064642","3.560776803","hVSMC-0011","false","GGGAGGACGAUGCGGAGAGCAGGGAUGGGCCUACUGCCCCCAGACGACUCGCCCGA","hVSMC-0011","1","(((((..((.((.((..((.(((......))).))..)).))..)).))).))..."
"1.0","1.0","1.0","1.0","6.29539988","5.176669582","2.65429802","0.488527379","11.25379029","1.40301203","hVSMC-0006","false","GGGAGGACGAUGCGGUGAGCAGGGAAGGGCCUACUGCCCCCAGACGACUCGCCCGA","hVSMC-0006","1","(((((..((.((.((..((.(((......))).))..)).))..)).))).))..."
"1.0","1.0","1.0","1.0","8.716405189","5.368516161","3.123733263","1.174295965","10.24818698","2.25682721","hVSMC-0005","false","GGGAGGACGAUGCGGUGAGCAGGGAUGGGCCUACUGCCCCAGACGACUCGCCCGA","hVSMC-0005","1","(((((..((.((.((..((.(((......))).))..))))..)).))).))..."
"1.0","1.0","1.0","1.0","9.488670987","6.196166018","3.246206033","1.459746092","6.693686169","2.7505995","hVSMC-0003","false","GGGAGGACGAUGCGGCAACCGGGAUGGGCCUACGCUGCCCCAGACGACUCGCCCGA","hVSMC-0003","1","(((((..((.((.((((...(((.....)))....)))).))..)).))).))..."
"1.0","1.0","1.0","1.0","7.89044867","2.882299565","2.980107338","2.244588036","6.405791524","4.739017658","hVSMC-0238","false","GGGAGGACGAUGCGGCGUGAGGGAUGGGCCUACUCCGCCACAGACGACUCGCCCGA","hVSMC-0238","1","(((((..((.((.((((.(((((.....))..))))))).))..)).))).))..."
"1.0","1.0","1.0","1.0","9.300105545","3.130495832","3.217247089","2.436795332","7.230281678","5.41437695","hVSMC-0160","false","GGGAGGACGAUGCGGUGAGCAGUGAUGGGCCUACUGCCCCCAGACGACUCGCCCGA","hVSMC-0160","1",".............((((((..((...((((.....))))....))..))))))..."
"1.0","1.0","1.0","1.0","15.70564211","3.191542488","3.973211023","2.029311799","7.174721793","4.082100775","hVSMC-0145","false","GGGAGGACGAUGCGGUGAGCAGGGAUGGGCCUAAUGCCCCCAGACGACUCGCCCGA","hVSMC-0145","1",".............((((((...((..((((.....))))))......))))))..."
"1.0","1.0","1.0","1.0","24.50040218","3.240234412","4.614733526","2.35595829","7.027753046","5.119341646","hVSMC-0133","false","GGGAGGACGAUGCGGCGUGAGGGAUGGGCCUACUCUGCACCAGACGACUCGCCCGA","hVSMC-0133","1","............(((.(((((...(((((.......)).))).....))))))))."
"1.0","1.0","1.0","1.0","20.04833679","3.271626767","4.32541065","2.449635538","7.614786672","5.462780815","hVSMC-0123","false","GGGAGGACGAUGCGGCGUGAGGGAUGGGCCUACUAUGCCCCAGACGACUCGCCCGA","hVSMC-0123","1","(((((..((.((.(((((((((......)))..)))))).))..)).))).))..."
"1.0","1.0","1.0","1.0","17.91711507","3.334225488","4.163266455","2.617801577","7.394570928","6.138140107","hVSMC-0111","false","GGGAGGACGAUGCGGCGUGAGGGAUGGGACUACUCUGCCCCAGACGACUCGCCCGA","hVSMC-0111","1","............(((.(((((...((((..........)))).....))))))))."
"1.0","1.0","1.0","1.0","14.34358219","3.340593962","3.842333465","2.136053047","7.928212559","4.395578489","hVSMC-0110","false","GGGAGGACGAUGCGGCGUGAGGGAUGGGCCAACUCCGCCCCAGACGACUCGCCCGA","hVSMC-0110","1","(((((..((.((.((((.(((((.....))..))))))).))..)).))).))..."
"1.0","1.0","1.0","1.0","20.01680174","3.350109402","4.323139575","2.864673038","7.782553227","7.283707753","hVSMC-0107","false","GGGAGGACGAUGCGGUGAGCAGGGAUGGGACUACUGCCCCCAGACGACUCGCCCGA","hVSMC-0107","1",".............((((((......((((.........)))).....))))))..."
"1.0","1.0","1.0","1.0","29.11416369","3.493926331","4.863649272","2.477964178","7.960180311","5.57110759","hVSMC-0082","false","GGGAGGACGAUGCGGUGAGCAGGGAUGGGCCUACUUCCCCCAGACGACUCGCCCGA","hVSMC-0082","1","(((((..((.((.((.(((.(((......))).))).)).))..)).))).))..."
"1.0","1.0","1.0","1.0","12.05715342","3.535862882","3.591817435","3.221600516","8.576881869","9.328211606","hVSMC-0077","false","GGGAGGACGAUGCGGCGUGAGGGAUGGGCCUACACCGCCCCAGACGACUCGCCCGA","hVSMC-0077","1","(((((..((.((.(((((((((......))).)).)))).))..)).))).))..."
"1.0","1.0","1.0","1.0","5.07020403","3.552207839","2.342043804","2.005491434","7.963662507","4.015254501","hVSMC-0074","false","GGGAGGACGAUGCGGGUGAGCAGGGAUGGGCCUACUGCCCCCAGACGACUCGCCCGA","hVSMC-0074","1","............((((((((...((..((((.....))))))......))))))))."
"1.0","1.0","1.0","1.0","35.17478932","3.563540802","5.136469877","2.931143491","7.833348068","7.627146922","hVSMC-0072","false","GGGAGGACGAUGCGGUGAGCAGGGAUGGGCAUACUGCCCCCAGACGACUCGCCCGA","hVSMC-0072","1",".............((((((...((..(((((...)))))))......))))))..."
"1.0","1.0","1.0","1.0","29.45710471","3.581427466","4.880543732","3.550429257","8.184654554","11.71617106","hVSMC-0068","false","GGGAGGACGAUGCGGUGAGCAGGGAUGGGCCUACUGCACCCAGACGACUCGCCCGA","hVSMC-0068","1","(((((..((.((.((((((.(((......))).)).))))))..)).))).))..."
"1.0","1.0","1.0","1.0","18.3984204","3.744322465","4.201510004","2.25606331","8.589592232","4.776862366","hVSMC-0056","false","GGGAGGACGAUGCGGCGUGAGGGAUGGGCCAACUCUGCCCCAGACGACUCGCCCGA","hVSMC-0056","1","............(((.(((((...((((.((....)).)))).....))))))))."
"1.0","1.0","1.0","1.0","23.21730573","3.858107223","4.537128658","2.63938388","8.430642762","6.230655195","hVSMC-0044","false","GGGAGGACGAUGCGGCGUGAGGGAUGGGCCUACACUGCCCCAGACGACUCGCCCGA","hVSMC-0044","1","(((((..((.((.(((((((((......))).))).))).))..)).))).))..."
"1.0","1.0","1.0","1.0","25.12885882","3.912347007","4.65127325","3.922480603","9.827535061","15.1629715","hVSMC-0041","false","GGGAGGACGAUGCGGCGUGAGGGAUGGGCCUACUCCGCCCAGACGACUCGCCCGA","hVSMC-0041","1","............(((.(((((...(((((.......))))).....))))))))."
"1.0","1.0","1.0","1.0","14.21320494","3.919943337","3.82916","2.211509564","8.458208595","4.631596472","hVSMC-0040","false","GGGAGGACGAUGCGGUGUCAGGGAUGGGCCUACUGCCCCCAGACGACUCGCCCGA","hVSMC-0040","1",".......((..((((((((..((..((((.....)))))).))).)).))).))."
"1.0","1.0","1.0","1.0","8.058400356","3.960426697","3.010493483","2.116969377","8.672276809","4.337817558","hVSMC-0038","false","GGGAGGACGAUGCGGUGAGCAGGGAUGGGCCAACUGCCCCCAGACGACUCGCCCGA","hVSMC-0038","1",".............((((((...((..((((.....))))))......))))))..."
"1.0","1.0","1.0","1.0","14.91829999","4.008283298","3.899011238","2.969432604","8.748166763","7.832281427","hVSMC-0035","false","GGGAGGACGAUGCGGCAAACGGGAUGGGCCUACGCUGCCCCAGACGACUCGCCCGA","hVSMC-0035","1","(((((..((.((.((((...(((.....)))....)))).))..)).))).))..."
"1.0","1.0","1.0","1.0","27.76798697","4.154942725","4.795350688","2.124516857","10.16140851","4.360570379","hVSMC-0026","false","GGGAGGACGAUGCGGUGAGAAGGGAUGGGCCUACUGCCCCCAGACGACUCGCCCGA","hVSMC-0026","1","(((((..((.((.((..((.(((......))).))..)).))..)).))).))..."
"1.0","1.0","1.0","1.0","11.67508432","4.199032165","3.545361064","3.600714861","10.6026136","12.13174237","hVSMC-0024","false","GGGAGGACGAUGCGGCAUGAGGGAUGGGCCUACUCUGCCCCAGACGACUCGCCCGA","hVSMC-0024","1","(((((..((.((.((((.(((((.....))..))))))).))..)).))).))..."
"1.0","1.0","1.0","1.0","22.66389671","4.237315475","4.502324026","3.861473856","9.023248252","14.53514799","hVSMC-0021","false","GGGAGGACGAUGCGGCGUGAGGGAUGGGCCUACUCAGCCCCAGACGACUCGCCCGA","hVSMC-0021","1","............(((.(((((...((((.((....)).)))).....))))))))."
"1.0","1.0","1.0","1.0","16.32778173","4.531988372","4.029256897","2.535901337","10.30510534","5.799390711","hVSMC-0014","false","GGGAGGACGAUGCGGCAAUCGGGAUGGGCCUACGCUGCCCCAGACGACUCGCCCGA","hVSMC-0014","1","(((((..((.((.((((...(((.....)))....)))).))..)).))).))..."
"1.0","1.0","1.0","1.0","21.0616953","5.808880518","4.396549661","5.95175526","13.66667394","61.89518425","hVSMC-0004","false","GGGAGGACGAUGCGGCGUGAGGGAUGGGCCUACUCCGCCCCAGACGACUCGCCCGA","hVSMC-0004","1","(((((..((.((.((((.(((((.....))..))))))).))..)).))).))..."
"1.0","1.0","1.0","1.0","20.21889047","6.315994065","4.337631925","4.138640503","9.203101814","17.61387592","hVSMC-0002","false","GGGAGGACGAUGCGGCGUGAGGGAUGGGCCUACUCUGCCCCAGACGACUCGCCCGA","hVSMC-0002","1","............(((.(((((....((((.......)))).......))))))))."
"1.0","1.0","1.0","1.0","21.29061959","6.575742219","4.41214603","3.668735619","9.261330403","12.71743327","hVSMC-0001","false","GGGAGGACGAUGCGGUGAGCAGGGAUGGGCCUACUGCCCCCAGACGACUCGCCCGA","hVSMC-0001","1","(((((..((.((.((..((.(((......))).))..)).))..)).))).))..."
